{
  "accuracy": [
    0.47058001160621643,
    0.6118599772453308,
    0.6690599918365479,
    0.7005199790000916,
    0.7286800146102905,
    0.7457200288772583,
    0.7655799984931946,
    0.7799999713897705,
    0.794920027256012,
    0.8055199980735779,
    0.8177000284194946,
    0.8273400068283081,
    0.8359799981117249,
    0.8457800149917603,
    0.8517600297927856,
    0.8598999977111816,
    0.8658199906349182,
    0.8684399724006653,
    0.8774600028991699,
    0.8830599784851074,
    0.8901200294494629,
    0.8917199969291687,
    0.8980000019073486,
    0.9011200070381165,
    0.9056000113487244,
    0.9090999960899353,
    0.9138799905776978,
    0.9175000190734863,
    0.9188600182533264,
    0.9211999773979187,
    0.9240599870681763,
    0.9264400005340576,
    0.929639995098114,
    0.9274399876594543,
    0.9331200122833252,
    0.9341599941253662,
    0.9354199767112732,
    0.9386399984359741,
    0.9394199848175049,
    0.9397199749946594,
    0.9404799938201904,
    0.9337199926376343,
    0.9430400133132935,
    0.9429399967193604,
    0.9462000131607056,
    0.9497399926185608,
    0.9503800272941589,
    0.9508600234985352,
    0.9492599964141846,
    0.9502599835395813,
    0.9516599774360657,
    0.9537400007247925,
    0.953760027885437,
    0.957099974155426,
    0.9559000134468079,
    0.9577000141143799,
    0.9594399929046631,
    0.9597200155258179,
    0.9595999717712402,
    0.9595000147819519,
    0.9565399885177612,
    0.9603800177574158,
    0.9602000117301941,
    0.9619799852371216,
    0.9624199867248535,
    0.9622399806976318,
    0.9630200266838074,
    0.9637799859046936,
    0.9645400047302246,
    0.9650800228118896,
    0.965399980545044,
    0.9661800265312195,
    0.9678599834442139,
    0.9665200114250183,
    0.967519998550415,
    0.9674000144004822,
    0.9676600098609924,
    0.9671400189399719,
    0.9686800241470337,
    0.9674199819564819,
    0.9697999954223633,
    0.9662799835205078,
    0.9676600098609924,
    0.9694600105285645,
    0.9710800051689148,
    0.9718999862670898,
    0.9703999757766724,
    0.9719600081443787,
    0.9712200164794922,
    0.9718199968338013,
    0.9712200164794922,
    0.9724599719047546,
    0.9637200236320496,
    0.9701600074768066,
    0.9701799750328064,
    0.9708799719810486,
    0.9739999771118164,
    0.9730200171470642,
    0.9722599983215332,
    0.9722999930381775
  ],
  "loss": [
    1.601966142654419,
    1.1264126300811768,
    0.957145631313324,
    0.8626996874809265,
    0.7819632291793823,
    0.7259279489517212,
    0.6727672815322876,
    0.6334406137466431,
    0.5842475891113281,
    0.5545381307601929,
    0.5218823552131653,
    0.48927727341651917,
    0.46367210149765015,
    0.43462854623794556,
    0.414272278547287,
    0.3923530876636505,
    0.3749503195285797,
    0.3650679290294647,
    0.34328141808509827,
    0.32991352677345276,
    0.310098797082901,
    0.30242764949798584,
    0.2877703011035919,
    0.2777023911476135,
    0.2671041488647461,
    0.256935715675354,
    0.24406564235687256,
    0.23503822088241577,
    0.2284395694732666,
    0.223514124751091,
    0.21236282587051392,
    0.2051386535167694,
    0.19807446002960205,
    0.20239412784576416,
    0.19099225103855133,
    0.18569159507751465,
    0.18055406212806702,
    0.17352253198623657,
    0.17145714163780212,
    0.167287677526474,
    0.1673269122838974,
    0.18743619322776794,
    0.16072463989257812,
    0.15964248776435852,
    0.15276029706001282,
    0.14060290157794952,
    0.14043766260147095,
    0.14059478044509888,
    0.14302389323711395,
    0.13867056369781494,
    0.13524852693080902,
    0.13161343336105347,
    0.13150350749492645,
    0.1237223893404007,
    0.1228189468383789,
    0.12093141674995422,
    0.11670069396495819,
    0.11392319947481155,
    0.1140010729432106,
    0.11385460197925568,
    0.12427745759487152,
    0.11579696089029312,
    0.11142823100090027,
    0.10688918083906174,
    0.10445092618465424,
    0.10916788130998611,
    0.1059490218758583,
    0.1016770526766777,
    0.10125616192817688,
    0.09892652183771133,
    0.10000268369913101,
    0.09434450417757034,
    0.09277872741222382,
    0.09602499008178711,
    0.09323996305465698,
    0.09410155564546585,
    0.09234115481376648,
    0.09157074242830276,
    0.09301132708787918,
    0.09155523777008057,
    0.08806091547012329,
    0.09382141381502151,
    0.09033514559268951,
    0.08739215135574341,
    0.08630361407995224,
    0.0809691846370697,
    0.08426248282194138,
    0.08193487673997879,
    0.08171191066503525,
    0.08139801025390625,
    0.08173681795597076,
    0.07767120003700256,
    0.10415559262037277,
    0.08564276248216629,
    0.08600734174251556,
    0.0833599865436554,
    0.07511752098798752,
    0.07719245553016663,
    0.08021115511655807,
    0.07793784141540527
  ],
  "val_accuracy": [
    0.6064000129699707,
    0.6758000254631042,
    0.7193999886512756,
    0.7160999774932861,
    0.7077999711036682,
    0.7350999712944031,
    0.7670999765396118,
    0.7585999965667725,
    0.7860000133514404,
    0.7942000031471252,
    0.7960000038146973,
    0.8026999831199646,
    0.8019999861717224,
    0.8023999929428101,
    0.8025000095367432,
    0.8197000026702881,
    0.8177000284194946,
    0.7875000238418579,
    0.8176000118255615,
    0.8181999921798706,
    0.8062999844551086,
    0.826200008392334,
    0.8151000142097473,
    0.8184999823570251,
    0.8093000054359436,
    0.8152999877929688,
    0.829800009727478,
    0.8241000175476074,
    0.8246999979019165,
    0.8104000091552734,
    0.8300999999046326,
    0.8133999705314636,
    0.8256999850273132,
    0.8223000168800354,
    0.8284000158309937,
    0.8317999839782715,
    0.8284000158309937,
    0.8259000182151794,
    0.8281000256538391,
    0.8331999778747559,
    0.786300003528595,
    0.8245000243186951,
    0.829800009727478,
    0.829200029373169,
    0.8349000215530396,
    0.8300999999046326,
    0.8366000056266785,
    0.8314999938011169,
    0.8163999915122986,
    0.8271999955177307,
    0.8346999883651733,
    0.8331999778747559,
    0.8324999809265137,
    0.8337000012397766,
    0.8324999809265137,
    0.8338000178337097,
    0.839900016784668,
    0.828499972820282,
    0.8378000259399414,
    0.83160001039505,
    0.8346999883651733,
    0.8345999717712402,
    0.8363000154495239,
    0.8371999859809875,
    0.8359000086784363,
    0.8371999859809875,
    0.8343999981880188,
    0.8306999802589417,
    0.8371000289916992,
    0.8381999731063843,
    0.8339999914169312,
    0.8406000137329102,
    0.8328999876976013,
    0.8395000100135803,
    0.8393999934196472,
    0.8374000191688538,
    0.836899995803833,
    0.8172000050544739,
    0.8342999815940857,
    0.8407999873161316,
    0.8361999988555908,
    0.840399980545044,
    0.8357999920845032,
    0.8353000283241272,
    0.8328999876976013,
    0.8349000215530396,
    0.8357999920845032,
    0.8375999927520752,
    0.8374999761581421,
    0.8389999866485596,
    0.8360000252723694,
    0.838699996471405,
    0.8328999876976013,
    0.8356000185012817,
    0.8361999988555908,
    0.8389999866485596,
    0.8373000025749207,
    0.8361999988555908,
    0.838100016117096,
    0.8273000121116638
  ],